Rank,Nome,Nota
1,Brass: Birmingham,8.61
2,Pandemic Legacy: Season 1,8.53
3,Gloomhaven,8.61
4,Ark Nova,8.53
5,Twilight Imperium: Fourth Edition,8.61
6,Terraforming Mars,8.37
7,Gloomhaven: Jaws of the Lion,8.49
8,Dune: Imperium,8.42
9,War of the Ring: Second Edition,8.53
10,Star Wars: Rebellion,8.42
11,Spirit Island,8.35
12,Gaia Project,8.40
13,Through the Ages: A New Story of Civilization,8.31
14,Twilight Struggle,8.25
15,Great Western Trail,8.22
16,Scythe,8.16
17,The Castles of Burgundy,8.13
18,7 Wonders Duel,8.10
19,Nemesis,8.29
20,Brass: Lancashire,8.19
21,Eclipse: Second Dawn for the Galaxy,8.49
22,Concordia,8.10
23,A Feast for Odin,8.18
24,Clank! Legacy: Acquisitions Incorporated,8.56
25,Wingspan,8.07
26,Terra Mystica,8.08
27,Arkham Horror: The Card Game,8.14
28,Lost Ruins of Arnak,8.08
29,Root,8.08
30,Orléans,8.06
31,Everdell,8.05
32,Great Western Trail (Second Edition),8.40
33,Mage Knight Board Game,8.09
34,Viticulture Essential Edition,8.00
35,Barrage,8.18
36,The Crew: Mission Deep Sea,8.21
37,Too Many Bones,8.35
38,Food Chain Magnate,8.08
39,Pax Pamir: Second Edition,8.24
40,Marvel Champions: The Card Game,8.13
41,Puerto Rico,7.93
42,Underwater Cities,8.07
43,Caverna: The Cave Farmers,7.96
44,Blood Rage,7.94
45,Anachrony,8.09
46,Cascadia,7.97
47,Agricola,7.89
48,On Mars,8.21
49,Crokinole,8.01
50,Pandemic Legacy: Season 0,8.44
51,Pandemic Legacy: Season 2,8.05
52,Kanban EV,8.45
53,Mansions of Madness: Second Edition,7.97
54,Sleeping Gods,8.29
55,Maracaibo,8.06
56,Lisboa,8.20
57,Tzolk'in: The Mayan Calendar,7.87
58,Power Grid,7.82
59,Frosthaven,8.86
60,Heat: Pedal to the Metal,8.15
61,The Quacks of Quedlinburg,7.84
62,Clans of Caledonia,7.95
63,The Crew: The Quest for Planet Nine,7.84
64,Paladins of the West Kingdom,8.00
65,Le Havre,7.85
66,Star Wars: Imperial Assault,7.97
67,The Gallerist,8.03
68,Mechs vs. Minions,7.98
69,Grand Austria Hotel,7.93
70,Kingdom Death: Monster,8.51
71,Android: Netrunner,7.88
72,Cthulhu: Death May Die,8.17
73,Azul,7.76
74,Race for the Galaxy,7.75
75,Aeon's End,7.93
76,Agricola (Revised Edition),7.96
77,Eclipse: New Dawn for the Galaxy,7.84
78,Clank!: A Deck-Building Adventure,7.79
79,Five Tribes,7.78
80,Through the Ages: A Story of Civilization,7.86
81,Teotihuacan: City of Gods,7.88
82,Fields of Arle,8.04
83,Lords of Waterdeep,7.74
84,Beyond the Sun,7.96
85,Obsession,8.15
86,Robinson Crusoe: Adventures on the Cursed Island,7.76
87,The Voyages of Marco Polo,7.80
88,Dominant Species,7.82
89,7 Wonders,7.69
90,Tainted Grail: The Fall of Avalon,8.13
91,The Search for Planet X,8.00
92,The 7th Continent,7.87
93,Architects of the West Kingdom,7.75
94,El Grande,7.73
95,Battlestar Galactica: The Board Game,7.73
96,Keyflower,7.74
97,Decrypto,7.78
98,Inis,7.83
99,Caylus,7.72
100,Raiders of the North Sea,7.75
101,Mombasa,7.86
102,Dominion: Intrigue,7.69
103,Tigris & Euphrates,7.70
104,Trickerion: Legends of Illusion,7.97
105,Troyes,7.72
106,Lorenzo il Magnifico,7.85
107,Eldritch Horror,7.76
108,The Lord of the Rings: Journeys in Middle-Earth,7.93
109,Twilight Imperium: Third Edition,7.80
110,Russian Railroads,7.74
111,Patchwork,7.60
112,Trajan,7.75
113,Concordia Venus,8.29
114,Rising Sun,7.79
115,Aeon's End: War Eternal,8.29
116,Dominion,7.60
117,The Isle of Cats,7.74
118,Carnegie,8.05
119,Clank! In! Space!: A Deck-Building Adventure,7.80
120,Vinhos: Deluxe Edition,8.11
121,Age of Steam,7.84
122,Pandemic: Iberia,7.89
123,Codenames,7.55
124,Hansa Teutonica,7.73
125,The Quest for El Dorado,7.66
126,Yokohama,7.82
127,Champions of Midgard,7.73
128,Forbidden Stars,7.97
129,Roll for the Galaxy,7.60
130,Cartographers,7.63
131,PARKS,7.69
132,Dwellings of Eldervale,8.19
133,Pandemic,7.55
134,Res Arcana,7.67
135,Targi,7.62
136,Kemet,7.66
137,Alchemists,7.65
138,Watergate,7.80
139,Sherlock Holmes Consulting Detective: The Thames Murders & Other Cases,7.65
140,Praga Caput Regni,7.95
141,Star Realms,7.56
142,Rajas of the Ganges,7.73
143,Endeavor: Age of Sail,7.91
144,Just One,7.60
145,It's a Wonderful World,7.70
146,Stone Age,7.53
147,Legendary Encounters: An Alien Deck Building Game,7.76
148,Hadrian's Wall,8.05
149,Ticket to Ride: Europe,7.53
150,Terraforming Mars: Ares Expedition,7.71
151,The Lord of the Rings: The Card Game,7.66
152,Marco Polo II: In the Service of the Khan,7.99
153,Star Wars: X-Wing Miniatures Game,7.64
154,Viscounts of the West Kingdom,7.87
155,Ra,7.57
156,Istanbul,7.55
157,Magic: The Gathering,7.57
158,Welcome To...,7.55
159,Xia: Legends of a Drift System,7.87
160,That's Pretty Clever!,7.58
161,Glen More II: Chronicles,7.92
162,Undaunted: Normandy,7.82
163,Tyrants of the Underdark,7.91
164,SCOUT,7.79
165,Jaipur,7.49
166,Chaos in the Old World,7.67
167,War Chest,7.86
168,War of the Ring,7.77
169,Radlands,7.92
170,Descent: Journeys in the Dark (Second Edition),7.63
171,This War of Mine: The Board Game,7.78
172,Azul: Summer Pavilion,7.66
173,Dominion (Second Edition),7.85
174,Memoir '44,7.54
175,Horrified,7.67
176,Cosmic Encounter,7.53
177,Railways of the World,7.67
178,Unmatched: Cobble & Fog,8.02
179,Castles of Mad King Ludwig,7.52
180,The Resistance: Avalon,7.53
181,Sagrada,7.48
182,Ora et Labora,7.69
183,Sekigahara: The Unification of Japan,8.00
184,Splendor Duel,7.99
185,A Game of Thrones: The Board Game (Second Edition),7.54
186,Nemesis: Lockdown,8.41
187,Ticket to Ride: Nordic Countries,7.63
188,Too Many Bones: Undertow,8.69
189,The Red Cathedral,7.75
190,Dune,7.96
191,Dead of Winter: A Crossroads Game,7.48
192,Suburbia,7.49
193,Commands & Colors: Ancients,7.77
194,Space Base,7.55
195,Captain Sonar,7.52
196,Village,7.50
197,Star Wars: Outer Rim,7.73
198,Go,7.64
199,Paleo,7.73
200,Meadow,7.78
301,Nemo's War (Second Edition),7.86
302,Imperial Settlers,7.33
303,Blood on the Clocktower,8.34
304,Fury of Dracula (Third/Fourth Edition),7.44
305,Glass Road,7.45
306,Oath: Chronicles of Empire and Exile,7.83
307,Summoner Wars: Master Set,7.49
308,Imperial 2030,7.66
309,Bitoku,7.88
310,Runewars,7.62
311,Alien Frontiers,7.37
312,Arkham Horror (Third Edition),7.70
313,Century: Spice Road,7.32
314,Return to Dark Tower,8.30
315,Heaven & Ale,7.55
316,Aeon's End: The New Age,8.56
317,The King's Dilemma,7.81
318,Tikal,7.33
319,Bruges,7.43
320,Survive: Escape from Atlantis!,7.32
321,Kemet: Blood and Sand,8.02
322,Exit: The Game – The Abandoned Cabin,7.44
323,Antiquity,7.86
324,Great Western Trail: Argentina,8.52
325,Tiny Epic Galaxies,7.34
326,Love Letter,7.22
327,For Sale,7.25
328,Bunny Kingdom,7.44
329,Lost Cities,7.22
330,Burgle Bros.,7.45
331,Acquire,7.33
332,Dead of Winter: The Long Night,7.54
333,Awkward Guests: The Walton Case,7.60
334,Destinies,7.78
335,Above and Below,7.38
336,Small World,7.22
337,Lords of Hellas,7.70
338,Arboretum,7.31
339,The Great Zimbabwe,7.82
340,Bonfire,7.69
341,Nusfjord,7.65
342,Merchants & Marauders,7.40
343,BattleLore: Second Edition,7.68
344,Tekhenu: Obelisk of the Sun,7.74
345,Dungeon Lords,7.37
346,Bärenpark,7.31
347,Neuroshima Hex! 3.0,7.39
348,Sid Meier's Civilization: The Board Game,7.38
349,Mind MGMT: The Psychic Espionage “Game.”,8.01
350,Mission: Red Planet (Second Edition),7.41
351,The King Is Dead: Second Edition,7.67
352,Long Shot: The Dice Game,7.69
353,Letters from Whitechapel,7.35
354,Chinatown,7.42
355,Dixit,7.21
356,Mysterium,7.23
357,Harry Potter: Hogwarts Battle,7.38
358,Takenoko,7.23
359,Star Wars: Armada,7.83
360,Hannibal: Rome vs. Carthage,7.78
361,Innovation,7.29
362,Agricola: All Creatures Big and Small,7.34
363,Ghost Stories,7.28
364,The Resistance,7.23
365,51st State: Master Set,7.61
366,Gizmos,7.39
367,Altiplano,7.48
368,Imperium: Classics,7.72
369,Ginkgopolis,7.51
370,Skull King,7.50
371,Mage Wars Arena,7.59
372,San Juan,7.23
373,Tiletum,7.98
374,Blood Bowl: Team Manager – The Card Game,7.39
375,Raiders of Scythia,7.79
376,Newton,7.57
377,Furnace,7.43
378,Love Letter,7.52
379,Notre Dame,7.32
380,Carpe Diem,7.52
381,Gùgōng,7.46
382,Abyss,7.33
383,The Pillars of the Earth,7.27
384,At the Gates of Loyang,7.36
385,So Clover!,7.59
386,Twice as Clever!,7.46
387,Flamecraft,7.50
388,Pandemic: Fall of Rome,7.63
389,Evolution: Climate,7.52
390,Maria,7.98
391,Saint Petersburg,7.28
392,The Godfather: Corleone's Empire,7.53
393,Downforce,7.32
394,Die Macher,7.60
395,Cloudspire,8.19
396,Endeavor,7.38
397,Sidereal Confluence,7.78
398,Here I Stand,7.88
399,Schotten Totten,7.35
400,Ticket to Ride: Märklin,7.41
401,King of Tokyo,7.14
402,Smartphone Inc.,7.59
403,Bruxelles 1893,7.62
404,In the Year of the Dragon,7.31
405,Tiny Towns,7.25
406,Azul: Stained Glass of Sintra,7.33
407,London (Second Edition),7.52
408,San Juan (Second Edition),7.46
409,Arkham Horror,7.24
410,Project L,7.49
411,Civilization,7.50
412,Hegemony: Lead Your Class to Victory,8.51
413,Summoner Wars (Second Edition),8.18
414,Dice Forge,7.23
415,Codenames: Pictures,7.20
416,Nippon,7.65
417,Sword & Sorcery,7.92
418,Sprawlopolis,7.36
419,Sherlock Holmes Consulting Detective: Jack the Ripper & West End Adventures,7.61
420,Skull,7.20
421,Firefly: The Game,7.39
422,Clash of Cultures,7.58
423,Space Hulk (Third Edition),7.53
424,Santa Maria,7.49
425,Stockpile,7.48
426,Unmatched: Robin Hood vs. Bigfoot,7.95
427,Blitzkrieg!: World War Two in 20 Minutes,7.62
428,Star Wars: The Deckbuilding Game,7.98
429,Cubitos,7.46
430,Spartacus: A Game of Blood and Treachery,7.47
431,Fresco,7.26
432,Mythic Battles: Pantheon,8.35
433,Macao,7.41
434,Dune,7.59
435,Claustrophobia,7.48
436,Biblios,7.20
437,Advanced Squad Leader,8.00
438,Thunderstone Quest,7.79
439,Mice and Mystics,7.24
440,King of Tokyo: Dark Edition,7.70
441,The Manhattan Project,7.33
442,Flash Point: Fire Rescue,7.17
443,Wavelength,7.30
444,Chess,7.19
445,ISS Vanguard,8.75
446,Kingsburg,7.18
447,Millennium Blades,7.67
448,Imperial Settlers: Empires of the North,7.46
449,Pipeline,7.63
450,Glen More,7.30
451,Heroscape Master Set: Rise of the Valkyrie,7.44
452,Lancaster,7.40
453,A Few Acres of Snow,7.38
454,Pandemic: Reign of Cthulhu,7.37
455,Lord of the Rings: The Confrontation,7.48
456,Marvel United: X-Men,8.13
457,Quadropolis,7.24
458,Mandala,7.55
459,Point Salad,7.18
460,Black Orchestra,7.51
461,Boonlake,7.70
462,PitchCar,7.26
463,Mystic Vale,7.26
464,Turing Machine,7.86
465,Middara: Unintentional Malum – Act 1,8.63
466,Honey Buzz,7.63
467,Amerigo,7.44
468,Commands & Colors: Napoleonics,8.01
469,Cat in the Box: Deluxe Edition,7.66
470,Stuffed Fables,7.47
471,Charterstone,7.23
472,BattleLore,7.35
473,Amun-Re,7.30
474,Pandemic: The Cure,7.25
475,Mindbug: First Contact,7.79
476,Hadara,7.42
477,Colt Express,7.09
478,Exit: The Game – Dead Man on the Orient Express,7.58
479,Citadels,7.26
480,Canvas,7.30
481,Risk Legacy,7.37
482,Fire in the Lake,8.05
483,Sheriff of Nottingham,7.08
484,Citadels,7.07
485,No Thanks!,7.07
486,Shadows of Brimstone: City of the Ancients,7.97
487,Forbidden Desert,7.09
488,Deus,7.28
489,Blood Bowl: Living Rulebook,7.84
490,Oceans,7.49
491,Cartographers Heroes,7.82
492,Blood Bowl (Third Edition),7.55
493,Mansions of Madness,7.27
494,Lords of Vegas,7.35
495,Descent: Journeys in the Dark,7.28
496,Zombie Kidz Evolution,7.66
497,Hanabi,7.05
498,Dawn of the Zeds (Third Edition),8.17
499,Shadows over Camelot,7.10
500,Junk Art,7.38
501,Fantastic Factories,7.47
502,Pan Am,7.55
503,Betrayal Legacy,7.69
504,1775: Rebellion,7.64
505,"Labyrinth: The War on Terror, 2001 – ?",7.59
506,"Air, Land, & Sea",7.46
507,Descent: Legends of the Dark,7.95
508,IKI,7.67
509,The Great Wall,7.92
510,Friday,7.11
511,Raptor,7.25
512,Imperial Struggle,8.28
513,Imhotep,7.15
514,Bohnanza,7.05
515,Potion Explosion,7.13
516,Freedom: The Underground Railroad,7.58
517,CATAN,7.10
518,1846: The Race for the Midwest,7.93
519,Foundations of Rome,8.03
520,Railroad Ink: Deep Blue Edition,7.19
521,Blackout: Hong Kong,7.45
522,Argent: The Consortium,7.64
523,Wayfarers of the South Tigris,7.88
524,Black Rose Wars,7.98
525,John Company: Second Edition,8.34
526,Thurn and Taxis,7.09
527,Small World Underground,7.24
528,Undaunted: North Africa,7.86
529,Port Royal,7.12
530,Dead Reckoning,8.23
531,Escape Plan,7.52
532,First Class: All Aboard the Orient Express!,7.42
533,Archipelago,7.30
534,Star Wars: X-Wing (Second Edition),8.08
535,The Grizzled,7.14
536,London,7.33
537,Ingenious,7.10
538,Madeira,7.56
539,Time's Up! Title Recall!,7.69
540,Alhambra,7.03
541,High Society,7.14
542,TZAAR,7.66
543,The Fox in the Forest,7.12
544,Legends of Andor,7.13
545,Libertalia,7.12
546,Fleet: The Dice Game,7.68
547,Airlines Europe,7.30
548,RoboRally,7.06
549,Sushi Go!,7.01
550,Euphoria: Build a Better Dystopia,7.19
551,Elysium,7.20
552,Wabash Cannonball,7.25
553,Discworld: Ankh-Morpork,7.25
554,Love Letter: Premium Edition,7.44
555,One Night Ultimate Werewolf,7.07
556,Nova Luna,7.31
557,Vikings,7.25
558,Camel Up,7.04
559,Sentinels of the Multiverse,7.16
560,Roads & Boats,7.71
561,BattleCON: Devastation of Indines,7.84
562,Runebound (Third Edition),7.47
563,Valeria: Card Kingdoms,7.45
564,Last Will,7.17
565,The Guild of Merchant Explorers,7.75
566,Karuba,7.18
567,Egizia,7.39
568,MicroMacro: Crime City – Full House,7.71
569,Queendomino,7.18
570,Taj Mahal,7.27
571,Space Empires 4X,7.69
572,In the Hall of the Mountain King,7.64
573,Tales of the Arabian Nights,7.17
574,Vinhos,7.47
575,Jamaica,7.06
576,Aquatica,7.38
577,StarCraft: The Board Game,7.35
578,Baseball Highlights: 2045,7.52
579,Akropolis,7.54
580,Imperium: Legends,7.86
581,Woodcraft,7.75
582,Las Vegas,7.16
583,Pathfinder Adventure Card Game: Rise of the Runelords – Base Set,7.18
584,Colosseum,7.21
585,Caper: Europe,7.78
586,Libertalia: Winds of Galecrest,7.50
587,Atlantis Rising (Second Edition),7.58
588,Pax Porfiriana,7.66
589,Through the Desert,7.09
590,The LOOP,7.78
591,Nexus Ops,7.21
592,DVONN,7.46
593,The Colonists,7.56
594,Etherfields,7.99
595,Broom Service,7.17
596,Carcassonne: Hunters and Gatherers,7.13
597,AquaSphere,7.26
598,Paperback,7.13
599,QE,7.40
600,Draftosaurus,7.12
601,Zombicide: 2nd Edition,8.02
602,Dice Throne: Season One,7.53
603,Tobago,7.10
604,Triumph & Tragedy: European Balance of Power 1936-1945,8.15
605,Automobile,7.33
606,Evolution,7.07
607,Distilled,8.00
608,Star Trek: Ascendancy,7.82
609,Unfathomable,7.57
610,Silver & Gold,7.22
611,Frostpunk: The Board Game,8.33
612,Struggle of Empires,7.52
613,Cooper Island,7.60
614,Carson City,7.22
615,Coup,6.99
616,Crusaders: Thy Will Be Done,7.49
617,Hammer of the Scots,7.53
618,Star Wars: Destiny,7.46
619,The Battle of Five Armies,7.88
620,Francis Drake,7.38
621,Unlock!: Heroic Adventures,7.64
622,Unmatched: Little Red Riding Hood vs. Beowulf,8.19
623,Aeon Trespass: Odyssey,9.16
624,Conan,7.65
625,Pax Renaissance: 2nd Edition,8.56
626,A Game of Thrones,7.18
627,Cuba Libre,7.69
628,Gears of War: The Board Game,7.47
629,Photosynthesis,7.00
630,Blood Bowl (2016 Edition),7.98
631,Zombicide,7.11
632,Thebes,7.13
633,Quantum,7.24
634,Splendor: Marvel,7.60
635,Take 5,6.96
636,Whitehall Mystery,7.56
637,Zombicide: Green Horde,7.71
638,Coloretto,6.98
639,A Game of Thrones: The Card Game (Second Edition),7.51
640,Dinosaur Island: Rawr 'n Write,7.76
641,Shards of Infinity,7.49
642,Mare Nostrum: Empires,7.53
643,HeroQuest,7.19
644,Star Wars: X-Wing Miniatures Game – The Force Awakens Core Set,7.74
645,Betrayal at House on the Hill,7.03
646,Medici,7.16
647,Formula D,7.00
648,Time's Up!,7.29
649,Taluva,7.15
650,Bus,7.60
651,Snowdonia,7.34
652,Pax Renaissance,8.01
653,One Night Ultimate Werewolf: Daybreak,7.32
654,Magic Maze,6.97
655,Regicide,7.47
656,The Downfall of Pompeii,7.15
657,Trains,7.13
658,The Republic of Rome,7.53
659,Cacao,7.08
660,Fort,7.15
661,KeyForge: Call of the Archons,7.13
662,The Lord of the Rings: The Card Game – Revised Core Set,8.52
663,Shakespeare,7.42
664,Lord of the Rings: The Confrontation,7.21
665,Kingdom Builder,6.95
666,Galaxy Trucker (Second Edition),7.52
667,Between Two Castles of Mad King Ludwig,7.25
668,Disney Villainous: Wicked to the Core,7.56
669,Mr. Jack,6.98
670,Summoner Wars,7.23
671,Belfort,7.22
672,Creature Comforts,7.52
673,Elder Sign,6.97
674,A Fake Artist Goes to New York,7.15
675,Telestrations: 12 Player Party Pack,7.74
676,Project: ELITE,8.02
677,Cuba,7.13
678,Chronicles of Crime: 1400,7.77
679,Earth Reborn,7.62
680,Torres,7.09
681,Escape: The Curse of the Temple,6.97
682,Warp's Edge,7.75
683,Disney Villainous: Evil Comes Prepared,7.57
684,Civilization: A New Dawn,7.26
685,Detective: City of Angels,7.91
686,Luna,7.30
687,Dixit: Journey,7.39
688,Cribbage,7.09
689,Yellow & Yangtze,7.84
690,Shadows of Brimstone: Swamps of Death,8.04
691,Exit: The Game – The Pharaoh's Tomb,7.17
692,Mexica,7.25
693,Merv: The Heart of the Silk Road,7.54
694,The Oracle of Delphi,7.29
695,Feudum,7.62
696,Trails of Tucana,7.41
697,Churchill,7.67
698,Azul: Queen's Garden,7.52
699,Treasure Island,7.24
700,Yamataï,7.19
701,The Magnificent,7.55
702,AuZtralia,7.37
703,Myrmes,7.26
704,Smash Up: Awesome Level 9000,7.22
705,Golem,7.62
706,Ascension: Deckbuilding Game,7.03
707,Prêt-à-Porter,7.34
708,My Father's Work,7.94
709,Tokaido,6.94
710,Defenders of the Realm,7.28
711,D-Day at Omaha Beach,8.29
712,Arkwright,7.81
713,Fury of Dracula (Second Edition),7.10
714,Leaving Earth,7.75
715,Tash-Kalar: Arena of Legends,7.16
716,Love Letter: Batman,7.27
717,ZhanGuo,7.56
718,Century: A New World,7.34
719,Whistle Mountain,7.63
720,Weather Machine,7.88
721,Wir sind das Volk!,7.80
722,Trismegistus: The Ultimate Formula,7.60
723,Carcassonne: The Castle,7.10
724,Specter Ops,7.18
725,Bloodborne: The Board Game,7.83
726,Onirim (Second Edition),7.05
727,Oh My Goods!,7.00
728,Sub Terra,7.39
729,Space Hulk: Death Angel – The Card Game,7.00
730,Dragon Castle,7.13
731,Steampunk Rally,7.17
732,City of the Big Shoulders,7.78
733,The Estates,7.43
734,Ashes Reborn: Rise of the Phoenixborn,7.29
735,The Witcher: Old World,8.19
736,My Little Scythe,7.26
737,The Networks,7.16
738,BANG! The Dice Game,6.91
739,Lacrimosa,7.79
740,Thunderstone Advance: Towers of Ruin,7.33
741,Warhammer Quest: The Adventure Card Game,7.32
742,Villagers,7.17
743,Vegas Showdown,7.16
744,Century: Eastern Wonders,7.14
745,K2,7.02
746,Advanced Squad Leader: Starter Kit #1,7.84
747,Wits & Wagers,6.93
748,Diplomacy,7.04
749,Yspahan,7.07
750,Unlock!: Timeless Adventures,7.80
751,Between Two Cities,6.99
752,The Bloody Inn,7.06
753,Wallenstein,7.46
754,New York Zoo,7.13
755,Coal Baron,7.29
756,Living Forest,7.30
757,Ticket to Ride: Rails & Sails,7.43
758,Crystal Palace,7.54
759,CO₂: Second Chance,7.56
760,Unmatched: Jurassic Park – InGen vs Raptors,8.14
761,The Adventures of Robin Hood,7.56
762,Shipyard,7.36
763,Middle-Earth Quest,7.39
764,Disney Villainous,6.98
765,The Shipwreck Arcana,7.47
766,Eminent Domain,6.99
767,New Frontiers,7.43
768,Can't Stop,6.89
769,Railroad Ink Challenge: Lush Green Edition,7.68
770,Blue Moon City,7.04
771,Empire of the Sun,8.26
772,Reef,7.02
773,Caverna: Cave vs Cave,7.12
774,Empires: Age of Discovery,7.84
775,Warhammer: Invasion,7.24
776,Rhino Hero: Super Battle,7.25
777,Brian Boru: High King of Ireland,7.55
778,Menara,7.45
779,Kanagawa,7.04
780,Ex Libris,7.15
781,Bullet♥︎,7.67
782,Saint Petersburg (Second Edition),7.47
783,Dogs of War,7.52
784,World Without End,7.24
785,Cry Havoc,7.14
786,Deep Sea Adventure,6.92
787,Arkham Horror: The Card Game (Revised Edition),8.75
788,Space Hulk,7.48
789,Massive Darkness 2: Hellscape,8.10
790,Blokus,6.86
791,Mosaic: A Story of Civilization,7.65
792,Super Motherload,7.35
793,Crown of Emara,7.41
794,Up Front,7.89
795,Twilight Inscription,7.58
796,Finca,7.07
797,Arcadia Quest: Inferno,7.91
798,878 Vikings: Invasions of England,7.51
799,Black Angel,7.27
800,Railroad Ink: Blazing Red Edition,7.10
801,The Duke,7.33
802,Vast: The Crystal Caverns,7.13
803,Paris: La Cité de la Lumière,7.33
804,Exit: The Game – The Secret Lab,7.07
805,Messina 1347,7.64
806,The Pursuit of Happiness,7.18
807,Perudo,6.91
808,Zombicide Season 2: Prison Outbreak,7.36
809,Ricochet Robots,7.02
810,"Heroes of Land, Air & Sea",7.61
811,Panamax,7.31
812,Dice Hospital,7.14
813,7 Wonders: Architects,7.04
814,1989: Dawn of Freedom,7.79
815,FUSE,7.01
816,Unfair,7.33
817,King of New York,6.90
818,Three Sisters,7.62
819,Dominant Species: Marine,8.00
820,Dungeons & Dragons: The Legend of Drizzt Board Game,7.22
821,Squad Leader,7.55
822,Tang Garden,7.40
823,Gentes,7.41
824,Among the Stars,7.04
825,Ready Set Bet,7.66
826,Cerebria: The Inside World,7.77
827,Jambo,7.00
828,Red7,6.88
829,"Unmatched: Battle of Legends, Volume Two",8.35
830,Maquis,7.45
831,Outlive,7.30
832,Babylonia,7.68
833,Incan Gold,6.83
834,Fugitive,7.17
835,Raccoon Tycoon,7.31
836,Lords of Xidit,7.09
837,Not Alone,6.97
838,Disney Villainous: Perfectly Wretched,7.67
839,Tumblin' Dice,7.22
840,Tammany Hall,7.28
841,Dale of Merchants,7.18
842,Wizard,6.96
843,Star Trek: Fleet Captains,7.48
844,Tribune: Primus Inter Pares,7.21
845,Hannibal & Hamilcar,8.32
846,Trekking Through History,7.77
847,Yedo,7.36
848,Celestia,6.95
849,SpaceCorp: 2025-2300AD,7.69
850,One Deck Dungeon,6.97
851,Blue Lagoon,7.20
852,Pandemic: Rising Tide,7.57
853,Letter Jam,7.21
854,Vasco da Gama,7.22
855,Reef Encounter,7.14
856,XCOM: The Board Game,7.00
857,Merchants Cove,7.52
858,Feed the Kraken,7.93
859,"13 Days: The Cuban Missile Crisis, 1962",7.23
860,Detective Club,7.37
861,ZÈRTZ,7.27
862,Washington's War,7.61
863,Santiago,7.13
864,Khôra: Rise of an Empire,7.46
865,Morels,6.99
866,Scoville,7.13
867,Star Wars: The Card Game,7.18
868,Circadians: First Light,7.59
869,A War of Whispers,7.35
870,Rurik: Dawn of Kiev,7.78
871,Friedrich,7.56
872,Witchstone,7.59
873,Combat Commander: Pacific,8.11
874,Verdant,7.42
875,Skymines,8.13
876,Conflict of Heroes: Awakening the Bear! – Russia 1941-42,7.51
877,Last Bastion,7.51
878,The Lost Expedition,7.06
879,Spyrium,7.05
880,First Rat,7.65
881,Summoner Wars: Alliances Master Set,8.05
882,Clinic: Deluxe Edition,7.65
883,Hyperborea,7.18
884,Battle for Rokugan,7.42
885,Napoleon's Triumph,7.99
886,Parade,7.00
887,Rhino Hero,6.92
888,Forbidden Island,6.77
889,Carcassonne: The City,7.21
890,High Frontier 4 All,8.44
891,Spyfall,6.79
892,Tajemnicze Domostwo,7.12
893,Container,7.16
894,Star Wars: The Clone Wars,7.67
895,The Mind,6.78
896,Ca$h 'n Guns: Second Edition,6.84
897,Thunderstone,6.91
898,Roll Through the Ages: The Bronze Age,6.86
899,Marvel Dice Masters: Avengers vs. X-Men,7.10
900,Union Pacific,7.19
901,The Palaces of Carrara,7.14
902,Qwixx,6.87
903,Tinners' Trail,7.22
904,Werewords,7.14
905,Dinosaur World,7.42
906,Abomination: The Heir of Frankenstein,7.47
907,Lovecraft Letter,7.21
908,Red Rising,7.05
909,Pictomania,7.27
910,Catacombs (Third Edition),7.49
911,Akrotiri,7.19
912,Clever Cubed,7.53
913,Last Night on Earth: The Zombie Game,6.91
914,Mahjong,7.04
915,Coffee Roaster,7.37
916,San Marco,7.17
917,Roam,7.32
918,Formula Dé,6.99
919,Brew Crafters,7.40
920,Zombicide: Invader,7.82
921,Signorie,7.39
922,Unlock!: Epic Adventures,7.76
923,Luxor,7.19
924,Palm Island,7.10
925,Kitchen Rush,7.26
926,Ohanami,7.31
927,Nightmare Productions,7.06
928,Virgin Queen,8.02
929,Genoa,7.05
930,Tiny Epic Dungeons,7.55
931,Call to Adventure,7.12
932,Homesteaders,7.20
933,Black Sonata,7.48
934,Tragedy Looper,7.18
935,Maharaja: The Game of Palace Building in India,7.11
936,Istanbul: The Dice Game,7.16
937,Unmatched Game System,8.28
938,Jaws,7.13
939,Bridge,7.46
940,Lanterns: The Harvest Festival,6.88
941,Summoner Wars: Phoenix Elves vs Tundra Orcs,7.51
942,Conflict of Heroes: Awakening the Bear! – Operation Barbarossa 1941 (Second Edition),7.94
943,Thunder Alley,7.31
944,Brazil: Imperial,7.68
945,Caylus 1303,7.48
946,Next Station: London,7.46
947,Tak,7.60
948,Warhammer Underworlds: Shadespire,7.64
949,The Others,7.32
950,Adrenaline,7.00
951,Dungeons & Dragons: Castle Ravenloft Board Game,6.98
952,Legendary: A Marvel Deck Building Game – Villains,7.54
953,Kingsburg (Second Edition),7.42
954,Attika,6.99
955,Tidal Blades: Heroes of the Reef,7.56
956,Core Worlds,7.16
957,Louis XIV,7.05
958,DinoGenics,7.63
959,Wasteland Express Delivery Service,7.34
960,Marrakesh,8.18
961,Smash Up: Science Fiction Double Feature,7.26
962,Tiny Epic Quest,6.99
963,Orchard: A 9 card solitaire game,7.37
964,Meeple Circus,7.05
965,Qwirkle,6.78
966,Zooloretto,6.80
967,Lowlands,7.41
968,Heroscape Master Set: Swarm of the Marro,7.63
969,Dungeons & Dragons: Wrath of Ashardalon Board Game,7.10
970,Snow Tails,6.97
971,Santa Monica,7.21
972,Web of Power,7.30
973,Condottiere,6.88
974,The Castles of Burgundy: The Card Game,6.96
975,Britannia,7.19
976,Concept,6.77
977,Fabled Fruit,6.99
978,Ascension: Storm of Souls,7.28
979,The Grimm Forest,7.09
980,Tiny Epic Dinosaurs,7.34
981,5-Minute Dungeon,6.94
982,Legacy: The Testament of Duke de Crecy,7.14
983,DC Comics Deck-Building Game,7.03
984,Age of Industry,7.35
985,Hawaii,7.11
986,Summoner Wars: Guild Dwarves vs Cave Goblins,7.56
987,Moonrakers,7.78
988,Dorfromantik: The Board Game,7.72
989,Top Ten,7.52
990,Cat Lady,7.04
991,Gold West,7.32
992,Flick 'em Up!,6.87
993,Unsettled,8.07
994,Roll Player Adventures,8.22
995,Mille Fiori,7.44
996,Rivals for Catan,6.96
997,Riverboat,7.43
998,Yedo: Deluxe Master Set,7.97
999,Rajas of the Ganges: The Dice Charmers,7.56
1000,Herbaceous,7.04
1001,Manila,6.99
1002,Caesar!: Seize Rome in 20 Minutes!,7.63
1003,Star Trek: Frontiers,7.84
1004,Antike,7.08
1005,La Città,7.02
1006,The Speicherstadt,7.02
1007,Era: Medieval Age,7.22
1008,War of the Ring: The Card Game,7.86
1009,Discoveries: The Journals of Lewis & Clark,7.03
1010,Wildlands,7.28
1011,"Time of Crisis: The Roman Empire in Turmoil, 235-284 AD",7.62
1012,Imperial Steam,7.83
1013,Sea Salt & Paper,7.37
1014,Ascension: Return of the Fallen,7.28
1015,World's Fair 1893,7.16
1016,History of the World,7.12
1017,Automobiles,7.22
1018,Black Fleet,7.00
1019,Cockroach Poker,6.79
1020,Ticket to Ride: London,7.11
1021,Cottage Garden,6.86
1022,Empires of the Void II,7.48
1023,Irish Gauge,7.25
1024,Winner's Circle,6.99
1025,Star Wars: The Queen's Gambit,7.58
1026,Ecos: First Continent,7.15
1027,Merchants of the Dark Road,7.42
1028,Reavers of Midgard,7.39
1029,Container: 10th Anniversary Jumbo Edition!,7.68
1030,"Hey, That's My Fish!",6.69
1031,Legendary Encounters: A Predator Deck Building Game,7.42
1032,Mr. Jack Pocket,6.85
1033,Archaeology: The New Expedition,7.14
1034,A Study in Emerald,7.21
1035,Majesty: For the Realm,6.94
1036,ICECOOL,6.80
1037,Railroad Revolution,7.34
1038,Fields of Green,7.14
1039,Falling Sky: The Gallic Revolt Against Caesar,7.85
1040,Wiz-War (Eighth Edition),7.05
1041,Little Town,7.20
1042,Startups,7.18
1043,Mint Works,6.93
1044,Codex Naturalis,7.24
1045,The City of Kings,7.54
1046,Dice Town,6.86
1047,Valley of the Kings,7.02
1048,Smash Up: Pretty Pretty Smash Up,7.23
1049,"Warhammer 40,000: Conquest",7.36
1050,Ticket to Ride: New York,6.93
1051,Firenze,7.23
1052,Outfoxed!,7.16
1053,Space Hulk (Fourth Edition),7.94
1054,Paper Tales,7.03
1055,Zombicide Season 3: Rue Morgue,7.52
1056,Polis: Fight for the Hegemony,7.52
1057,Merchant of Venus (Second Edition),7.14
1058,Marvel Dice Masters: Uncanny X-Men,7.16
1059,Islebound,7.17
1060,Explorers of the North Sea,7.30
1061,Spicy,7.17
1062,A Distant Plain,7.84
1063,Nations: The Dice Game,6.94
1064,NMBR 9,6.87
1065,Alma Mater,7.38
1066,Super Fantasy Brawl,7.70
1067,The Lord of the Rings,6.74
1068,CO₂,7.11
1069,The Reckoners,7.69
1070,Fauna,7.04
1071,Linko,6.99
1072,Quarto,6.88
1073,Rallyman: GT,7.22
1074,Via Nebula,7.03
1075,Tales & Games: The Hare & the Tortoise,7.08
1076,Metropolys,7.04
1077,The Big Book of Madness,6.91
1078,Rex: Final Days of an Empire,7.06
1079,Jekyll vs. Hyde,7.29
1080,Ghost Fightin' Treasure Hunters,7.15
1081,Shikoku 1889,7.93
1082,CuBirds,6.93
1083,Two Rooms and a Boom,6.98
1084,Tawantinsuyu: The Inca Empire,7.45
1085,Loony Quest,6.89
1086,Zendo,7.22
1087,Small World of Warcraft,7.35
1088,Smash Up: Monster Smash,7.26
1089,Star Wars: Legion,8.02
1090,When I Dream,6.97
1091,Botanik,7.67
1092,Runebound: Second Edition,6.89
1093,Hardback,7.18
1094,Smash Up,6.71
1095,Dream Home,6.88
1096,Wilderness War,7.71
1097,The Castles of Tuscany,7.25
1098,Terror in Meeple City,6.83
1099,Tide of Iron,7.20
1100,Smart10,7.51
1101,Oriflamme,7.13
1102,Tsuro,6.66
1103,Mr. Jack in New York,7.19
1104,Pictomania (Second Edition),7.59
1105,Beer & Bread,7.52
1106,Men at Work,7.23
1107,Axis & Allies Anniversary Edition,7.43
1108,Vinci,7.07
1109,Quarriors!,6.74
1110,Thunderstone: Dragonspire,7.32
1111,Stronghold,7.14
1112,Set a Watch,7.26
1113,Ambush!,7.51
1114,Netrunner,7.44
1115,Merlin,7.13
1116,Ikusa,7.03
1117,The Prodigals Club,7.30
1118,Mottainai,7.03
1119,Canopy,7.42
1120,Haggis,6.99
1121,Conspiracy: Abyss Universe,7.28
1122,Jump Drive,6.99
1123,China,6.98
1124,Coconuts,7.03
1125,Shadow Hunters,6.82
1126,Batman: Gotham City Chronicles,7.64
1127,Rolling Realms,7.17
1128,Faiyum,7.51
1129,Kingdomino Origins,7.58
1130,Insider,7.05
1131,Eight-Minute Empire: Legends,6.93
1132,Animal Upon Animal,6.79
1133,Automania,7.32
1134,BattleCON: War of Indines,7.66
1135,Battle Cry,7.15
1136,Stella: Dixit Universe,7.31
1137,Diamonds,6.90
1138,Horizons of Spirit Island,8.37
1139,Wendake,7.48
1140,Dead Men Tell No Tales,7.11
1141,Obscurio,7.15
1142,Encore!,6.96
1143,Shadowrun: Crossfire,7.12
1144,Chimera Station,7.24
1145,Domaine,6.99
1146,"Julius Caesar: Caesar, Pompey, and the Roman Civil War",7.79
1147,Expeditions,7.92
1148,Sushi Roll,7.05
1149,Loopin' Louie,6.75
1150,Mysterium Park,7.11
1151,Fallout Shelter: The Board Game,7.25
1152,Quartermaster General,7.31
1153,Legacy of Dragonholt,7.22
1154,Three Kingdoms Redux,7.86
1155,Deep Space D-6,7.18
1156,Yggdrasil,7.03
1157,Andean Abyss,7.61
1158,Honshū,6.92
1159,Cockroach Poker Royal,7.06
1160,Catan Card Game,6.71
1161,On Tour,6.95
1162,Witness,7.25
1163,Unlock!: Escape Adventures – Squeek & Sausage,7.16
1164,Forum Trajanum,7.23
1165,World of Warcraft: Wrath of the Lich King,7.48
1166,Fortune and Glory: The Cliffhanger Game,7.10
1167,Sons of Anarchy: Men of Mayhem,7.26
1168,Battles of Westeros,7.25
1169,Cross Clues,7.27
1170,Horrified: American Monsters,7.56
1171,Risk: Star Wars Edition,7.00
1172,The Game,6.71
1173,1812: The Invasion of Canada,7.34
1174,Power Grid: Factory Manager,6.84
1175,Warhammer Quest,7.49
1176,Fallout,6.93
1177,Vanuatu,7.22
1178,Machi Koro,6.61
1179,Massive Darkness,7.12
1180,For the People,7.78
1181,Primordial Soup,6.93
1182,Stick 'Em,7.05
1183,Whistle Stop,7.08
1184,La Isla,6.87
1185,Circle the Wagons,7.09
1186,Coffee Traders,7.75
1187,Las Vegas Royale,7.45
1188,Legend of the Five Rings: The Card Game,7.36
1189,No Retreat! The Russian Front,7.76
1190,Crisis,7.51
1191,Caylus Magna Carta,6.89
1192,Hansa,6.88
1193,Blueprints,6.80
1194,Flick of Faith,7.37
1195,Plague Inc.: The Board Game,7.38
1196,Witch's Brew,7.01
1197,Claustrophobia 1643,8.02
1198,Watson & Holmes,7.29
1199,Steam Park,6.84
1200,Escape from the Aliens in Outer Space,6.93
1201,Tiny Epic Zombies,6.97
1202,Rise of Augustus,6.73
1203,Exit: The Game – The Sinister Mansion,7.28
1204,Princes of the Renaissance,7.32
1205,Pathfinder Adventure Card Game: Skull & Shackles – Base Set,7.29
1206,Colossal Arena,6.77
1207,Fairy Tale,6.71
1208,Poker,6.72
1209,Claim,6.97
1210,Kraftwagen,7.23
1211,Chronicles of Crime: 1900,8.02
1212,Manoeuvre,7.29
1213,GIPF,7.10
1214,Cleopatra and the Society of Architects,6.80
1215,Vikings Gone Wild,7.13
1216,Spirits of the Wild,7.35
1217,Level 7 [Omega Protocol],7.44
1218,Council of 4,7.15
1219,Dice Throne,7.67
1220,Keep the Heroes Out!,8.02
1221,Here I Stand: 500th Anniversary Edition,8.57
1222,Café,7.31
1223,Fleet,6.85
1224,Ponzi Scheme,7.15
1225,18Chesapeake,7.74
1226,Castle Panic,6.65
1227,Mythos Tales,7.36
1228,Lockup: A Roll Player Tale,7.38
1229,Agra,7.31
1230,Odin's Ravens (Second Edition),7.01
1231,Hamburgum,7.05
1232,Aeon's End: Outcasts,8.57
1233,Dungeon Fighter,6.81
1234,New York 1901,6.80
1235,Genotype: A Mendelian Genetics Game,7.52
1236,Paris,7.27
1237,Blokus Duo,6.82
1238,Atiwa,7.57
1239,Fief: France 1429,7.43
1240,Strasbourg,7.16
1241,A Touch of Evil: The Supernatural Game,6.98
1242,1862: Railway Mania in the Eastern Counties,8.24
1243,Peloponnes,7.10
1244,Thunderbolt Apache Leader,8.02
1245,Medieval Academy,6.94
1246,Folklore: The Affliction,7.71
1247,Maximum Apocalypse,7.53
1248,Duelosaur Island,7.06
1249,Carcassonne: South Seas,7.06
1250,Exit: The Game – The Sunken Treasure,7.06
1251,The Initiative,7.62
1252,Escape Room: The Game,6.94
1253,It's a Wonderful Kingdom,7.34
1254,Hacienda,6.92
1255,Castles of Mad King Ludwig: Collector's Edition,8.40
1256,Werewords Deluxe Edition,7.55
1257,Arkadia,6.91
1258,Pictures,7.21
1259,Santiago de Cuba,6.89
1260,Castell,7.43
1261,Street Masters,8.00
1262,The Golden Ages,7.26
1263,Ninjato,7.16
1264,Copenhagen,6.99
1265,Brew,7.14
1266,Royals,7.17
1267,Betrayal at Baldur's Gate,7.10
1268,Tussie Mussie,6.95
1269,Rattus,6.78
1270,Super-Skill Pinball: 4-Cade,7.14
1271,Thunderbirds,7.55
1272,Agropolis,7.42
1273,Sentient,7.20
1274,Skulls of Sedlec,7.43
1275,BattleTech,7.09
1276,Dead Man's Draw: Captain Carcass,6.85
1277,A Game of Thrones: The Card Game,6.82
1278,Java,7.01
1279,The Fox in the Forest Duet,7.08
1280,Smash Up: It's Your Fault!,7.49
1281,The Magic Labyrinth,6.82
1282,Zombie Teenz Evolution,7.72
1283,Dungeon Twister,6.81
1284,Ultimate Werewolf: Ultimate Edition,6.98
1285,Elfenland,6.68
1286,Maglev Metro,7.28
1287,Mission: Red Planet,6.89
1288,Back to the Future: Back in Time,7.27
1289,Rise of Tribes,7.14
1290,The Werewolves of Miller's Hollow,6.69
1291,Pagan: Fate of Roanoke,8.11
1292,Challengers!,7.15
1293,Ulm,7.02
1294,Dale of Merchants 2,7.30
1295,Carcassonne: Winter Edition,7.49
1296,The Thing: The Boardgame,7.70
1297,Hostage Negotiator,6.81
1298,Viceroy,6.80
1299,Ubongo,6.69
1300,"The Hunters: German U-Boats at War, 1939-43",7.73
1301,Cahoots,7.14
1302,Liberty or Death: The American Insurrection,7.79
1303,Keythedral,7.05
1304,Coloma,7.36
1305,Qwinto,7.00
1306,Ghost Blitz,6.71
1307,Timeline: Inventions,6.69
1308,Sherlock Holmes Consulting Detective: The Baker Street Irregulars,8.33
1309,Medina,7.02
1310,Bad Company,7.36
1311,Hellboy: The Board Game,7.81
1312,Guildhall,6.89
1313,Trains: Rising Sun,7.43
1314,Axis & Allies: Europe 1940,7.57
1315,Merchant of Venus,7.14
1316,Legacy of Yu,8.30
1317,Carnival of Monsters,7.26
1318,Rialto,6.90
1319,Planet Steam,7.11
1320,Evo,6.87
1321,Liberté,7.12
1322,Cartagena,6.68
1323,One Deck Dungeon: Forest of Shadows,7.12
1324,Saboteur,6.55
1325,The Captain Is Dead,7.08
1326,UBOOT: The Board Game,7.62
1327,Evergreen,7.51
1328,TransAmerica,6.68
1329,Sylvion,7.07
1330,Dark Moon,6.99
1331,Stardew Valley: The Board Game,7.37
1332,Fearsome Floors,6.67
1333,Habitats,7.38
1334,SHŌBU,7.53
1335,New Angeles,7.07
1336,Wild Space,7.22
1337,Riftforce,7.34
1338,Rallyman,7.20
1339,Imhotep: The Duel,7.09
1340,Pavlov's House,7.93
1341,Similo,6.82
1342,Catacombs,7.06
1343,Floriferous,7.53
1344,V-Sabotage,7.73
1345,Deep Madness,7.85
1346,Encyclopedia,7.50
1347,Fog of Love,6.71
1348,Hoplomachus: Victorum,8.60
1349,Mariposas,6.84
1350,KeyForge: Age of Ascension,7.24
1351,The Castles of Burgundy: The Dice Game,6.89
1352,Mini Rogue,7.62
1353,Fire & Axe: A Viking Saga,7.00
1354,Gutenberg,7.40
1355,Heroes of Normandie,7.45
1356,Roll Camera!: The Filmmaking Board Game,7.56
1357,Vagrantsong,7.68
1358,Warsaw: City of Ruins,7.32
1359,Lands of Galzyr,8.24
1360,Wings of War: Famous Aces,6.86
1361,Starship Catan,6.84
1362,Unlock!: Mythic Adventures,7.73
1363,Keyper,7.27
1364,Perseverance: Castaway Chronicles – Episodes 1 & 2,7.80
1365,Battle Line: Medieval,7.66
1366,Edge of Darkness,7.51
1367,Star Wars: Unlock!,7.08
1368,Star Trek: Catan,6.99
1369,Eat Poop You Cat,7.47
1370,Yukon Airways,7.35
1371,Museum,7.19
1372,Calimala,7.20
1373,Unearth,6.85
1374,Conflict of Heroes: Storms of Steel! – Kursk 1943,7.69
1375,Kahuna,6.61
1376,Mystery Rummy: Jack the Ripper,6.95
1377,The Starfarers of Catan,6.80
1378,CloudAge,7.27
1379,Titan,6.96
1380,Strike,6.93
1381,The Little Prince: Make Me a Planet,6.90
1382,Walking in Burano,7.12
1383,Fireball Island: The Curse of Vul-Kar,6.78
1384,Exit: The Game – The Forgotten Island,6.92
1385,Porta Nigra,7.18
1386,Mykerinos,6.84
1387,Welcome to the Dungeon,6.55
1388,Spot it!,6.57
1389,Advanced Squad Leader: Starter Kit #2,7.97
1390,Tournay,6.97
1391,Room 25,6.71
1392,Manhattan,6.73
1393,Doom: The Boardgame,6.85
1394,Villages of Valeria,6.99
1395,Beast,7.69
1396,Gloom of Kilforth: A Fantasy Quest Game,7.53
1397,Guillotine,6.54
1398,Kingdom Rush: Rift in Time,7.39
1399,The Staufer Dynasty,7.15
1400,Naga Raja,7.16
1401,Cosmic Encounter,6.92
1402,Undaunted: Stalingrad,8.75
1403,La Cosa Nostra,7.61
1404,XenoShyft: Onslaught,6.91
1405,Say Anything,6.71
1406,Turn the Tide,6.78
1407,Heroes of Terrinoth,7.29
1408,Aftermath,7.59
1409,Exit: The Game – The Mysterious Museum,7.14
1410,Paper Dungeons: A Dungeon Scrawler Game,7.20
1411,Mega Civilization,8.21
1412,Ticket to Ride: Germany,7.60
1413,Murano,7.18
1414,Agricola: Family Edition,7.07
1415,Trails,7.10
1416,Unlock!: Escape Adventures – The Formula,7.00
1417,Asara,7.01
1418,Barony,7.08
1419,Stronghold: 2nd edition,7.46
1420,Merkator,7.03
1421,Tempel des Schreckens,7.17
1422,Food Chain Island,7.26
1423,Timeline: Events,6.77
1424,Trekking the World,7.12
1425,Resist!,7.70
1426,Pickomino,6.58
1427,NEOM,7.29
1428,Chronicles of Avel,7.69
1429,Infinity Gauntlet: A Love Letter Game,7.02
1430,Escape the Dark Castle,7.41
1431,Machina Arcana (Second/Third Edition),8.00
1432,Exit: The Game – The Polar Station,6.87
1433,The Quest for El Dorado: The Golden Temples,7.69
1434,Wyatt Earp,6.84
1435,Medina (Second Edition),7.22
1436,Kitchen Rush (Revised Edition),7.53
1437,Pioneer Days,7.25
1438,Expedition to Newdale,7.42
1439,Solenia,7.05
1440,Lost Cities: The Board Game,6.79
1441,Warrior Knights,6.87
1442,The Artemis Project,7.26
1443,Sherlock Holmes Consulting Detective: Carlton House & Queen's Park,7.84
1444,Ishtar: Gardens of Babylon,7.02
1445,Scarface 1920,8.07
1446,Dice City,6.73
1447,Quoridor,6.66
1448,Escape Tales: The Awakening,7.06
1449,Super Mega Lucky Box,7.18
1450,Gravwell: Escape from the 9th Dimension,6.87
1451,Balloon Cup,6.67
1452,Antike II,7.47
1453,Aton,6.86
1454,Vampire: The Eternal Struggle,7.25
1455,Blue Moon,6.69
1456,Backgammon,6.56
1457,Mascarade,6.58
1458,Ca$h 'n Gun$,6.56
1459,Star Wars: Epic Duels,7.02
1460,Rum & Bones: Second Tide,7.60
1461,Rune Age,6.81
1462,Nanty Narking,7.49
1463,Viral,6.95
1464,Sabika,7.88
1465,Amyitis,6.91
1466,DC Comics Deck-Building Game: Heroes Unite,7.39
1467,Northgard: Uncharted Lands,7.75
1468,Star Wars: Jabba's Palace – A Love Letter Game,7.26
1469,Robo Rally,6.99
1470,Wildcatters,7.60
1471,Axis & Allies: Pacific 1940,7.52
1472,Galaxy Defenders,7.45
1473,Illusion,6.74
1474,The 7th Continent: Classic Edition,7.62
1475,Llamaland,7.34
1476,Sheriff of Nottingham: 2nd Edition,7.33
1477,Tides of Time,6.60
1478,Löwenherz,7.04
1479,Imagine,6.87
1480,Beasty Bar,6.80
1481,TEN,7.10
1482,Le Havre: The Inland Port,6.82
1483,Bausack,6.80
1484,Valley of the Kings: Afterlife,7.24
1485,De Vulgari Eloquentia,7.22
1486,Here to Slay,6.91
1487,Stephenson's Rocket,6.92
1488,Meuterer,6.87
1489,Roma,6.75
1490,Ascending Empires,7.18
1491,The Hunger,7.13
1492,Kremlin,6.97
1493,Scotland Yard,6.51
1494,Azul: Master Chocolatier,7.97
1495,6 nimmt! 25 Jahre,7.38
1496,Blokus 3D,6.78
1497,Onirim,6.64
1498,DOOM: The Board Game,7.42
1499,Kodama: The Tree Spirits,6.69
1500,Haspelknecht: The Story of Early Coal Mining,7.23
1501,Overboss: A Boss Monster Adventure,7.38
1502,Trapwords,6.99
1503,Exit: The Game – The Catacombs of Horror,7.34
1504,Skulk Hollow,7.28
1505,Happy Salmon,6.70
1506,Carolus Magnus,6.83
1507,The Wolves,7.49
1508,Aladdin's Dragons,6.89
1509,Bargain Quest,6.88
1510,Dungeon Degenerates: Hand of Doom,8.14
1511,Renature,7.12
1512,Eight-Minute Empire,6.56
1513,Nothing Personal,7.04
1514,Miyabi,7.47
1515,Timeline: General Interest,6.77
1516,Grove: A 9 card solitaire game,7.79
1517,D-Day Dice,6.82
1518,Fields of Fire,7.86
1519,Wallenstein (Second Edition),7.59
1520,Cosmic Encounter: 42nd Anniversary Edition,8.25
1521,Sun Tzu,7.05
1522,Middle-earth,7.34
1523,Space Crusade,7.04
1524,Factory Fun,6.81
1525,Coup: Rebellion G54,7.00
1526,Tramways,7.40
1527,The Rose King,6.81
1528,Sleuth,6.90
1529,Omen: A Reign of War,7.32
1530,Magic Realm,7.28
1531,Blokus Trigon,6.89
1532,Advanced Squad Leader: Starter Kit #3,8.05
1533,Gingerbread House,6.99
1534,Karak,7.23
1535,My Village,6.93
1536,BANG!,6.49
1537,Path of Light and Shadow,7.43
1538,Tides of Madness,6.76
1539,Traders of Osaka,6.81
1540,Time's Up! Edición Amarilla,7.52
1541,Kashgar: Merchants of the Silk Road,7.08
1542,Disney Villainous: Despicable Plots,7.59
1543,Hit Z Road,6.76
1544,Sniper Elite: The Board Game,7.86
1545,Necromunda,7.30
1546,Indigo,6.85
1547,Dungeons & Dragons: Temple of Elemental Evil Board Game,7.37
1548,Rune Stones,7.29
1549,Piepmatz,7.06
1550,Shogi,7.40
1551,Junta,6.69
1552,Curious Cargo,7.13
1553,Planet,6.68
1554,Aerion,7.33
1555,The Rich and the Good,7.12
1556,Thunder Road: Vendetta,8.11
1557,Dice Miner,7.30
1558,Indian Summer,6.77
1559,Renegade,7.71
1560,Tortuga 1667,6.92
1561,Yomi,6.94
1562,Stroganov,7.29
1563,Pueblo,6.95
1564,I'm the Boss!,6.77
1565,"Sword of Rome: Conquest of Italy, 362-272 BC",7.33
1566,Campy Creatures,7.05
1567,Masmorra: Dungeons of Arcadia,7.04
1568,Neanderthal,7.31
1569,RAF: The Battle of Britain 1940,8.04
1570,Federation,8.10
1571,For Northwood! A Solo Trick-Taking Game,8.08
1572,Marrakech,6.69
1573,Havana,6.85
1574,Railroad Ink Challenge: Shining Yellow Edition,7.59
1575,Empire Builder,6.95
1576,Pixel Tactics,6.85
1577,In the Shadow of the Emperor,6.86
1578,Patchistory,7.08
1579,Kingdoms,6.66
1580,After the Empire,7.51
1581,Aristeia!,8.21
1582,Mü & More,7.15
1583,Marvel: Remix,7.46
1584,Power Grid: The First Sparks,6.77
1585,The Scepter of Zavandor,6.97
1586,Giants,6.96
1587,Warhammer Quest: Blackstone Fortress,7.84
1588,CV,6.59
1589,Chocolate Factory,7.10
1590,Pirate's Cove,6.56
1591,Harry Potter: Hogwarts Battle – Defence Against the Dark Arts,7.17
1592,The Great Dalmuti,6.58
1593,Risk 2210 A.D.,6.68
1594,Doomtown: Reloaded,7.11
1595,Ascension: Immortal Heroes,7.33
1596,The Bottle Imp,6.74
1597,Exit: The Game – The Forbidden Castle,6.81
1598,Paint the Roses,7.28
1599,Dice Settlers,6.91
1600,Century: Golem Edition – An Endless World,7.57
1601,Spyfall 2,6.86
1602,Navajo Wars,7.94
1603,Welcome Back to the Dungeon,6.72
1604,GKR: Heavy Hitters,7.61
1605,Olympos,6.91
1606,Bloodborne: The Card Game,6.88
1607,Tiny Epic Kingdoms,6.56
1608,Revolution!,6.72
1609,Mystery of the Abbey,6.54
1610,Minecraft: Builders & Biomes,6.97
1611,Unlock!: Secret Adventures – The Adventurers of Oz,7.37
1612,Endangered,7.54
1613,The Red Dragon Inn 2,6.92
1614,Oceanos,6.80
1615,1817,8.62
1616,Aquaretto,6.98
1617,1856: Railroading in Upper Canada from 1856,7.50
1618,Codex: Card-Time Strategy – Deluxe Set,8.00
1619,High Frontier,7.36
1620,That Time You Killed Me,7.64
1621,Fireteam Zero,7.50
1622,Android,6.74
1623,Sanctum,7.09
1624,Ingenious: Travel Edition,7.10
1625,Age of Civilization,7.06
1626,Ad Astra,6.86
1627,World of Warcraft: The Boardgame,6.71
1628,After the Virus,7.29
1629,The Ancient World (Second Edition),7.55
1630,The Civil War 1861-1865,7.73
1631,Cryo,7.30
1632,Troyes Dice,7.04
1633,Wars of the Roses: Lancaster vs. York,7.36
1634,Walnut Grove,6.98
1635,Adventure Land,6.90
1636,SET,6.50
1637,1849: The Game of Sicilian Railways,8.15
1638,Land vs Sea,7.17
1639,Bruxelles 1897,7.23
1640,Drop It,6.89
1641,Iwari,7.14
1642,PitchCar Mini,6.97
1643,Fleet: The Dice Game (Second Edition),7.88
1644,Call of Cthulhu: The Card Game,6.89
1645,Century: Golem Edition – Eastern Mountains,7.38
1646,Ogre,6.94
1647,Burgle Bros 2: The Casino Capers,7.39
1648,Bios: Megafauna (Second Edition),7.63
1649,Blood Bowl: Second Season Edition,8.53
1650,Thanos Rising: Avengers Infinity War,7.10
1651,Arctic Scavengers,6.78
1652,Euthia: Torment of Resurrection,8.66
1653,Oregon,6.76
1654,Stationfall,7.79
1655,Ride the Rails,7.19
1656,Age of Renaissance,7.09
1657,Pergamon,6.92
1658,Dice Throne: Season Two – Gunslinger v. Samurai,7.56
1659,Tranquility,7.00
1660,Pendragon: The Fall of Roman Britain,7.92
1661,Ys,6.90
1662,Bios: Origins (Second Edition),7.83
1663,Warfighter: The Tactical Special Forces Card Game,7.70
1664,Adventure Games: The Dungeon,6.96
1665,Glasgow,7.16
1666,Pharaon,7.41
1667,Axis & Allies,6.69
1668,Sobek: 2 Players,7.19
1669,Otys,6.97
1670,Timeline: Discoveries,6.72
1671,The Climbers,6.78
1672,Ave Caesar,6.63
1673,Kamisado,6.94
1674,Power Struggle,6.98
1675,Beyond Balderdash,6.82
1676,Voyages,7.48
1677,Rise of Empires,7.03
1678,Horseless Carriage,7.97
1679,On the Underground,6.90
1680,Himalaya,6.99
1681,Sorcerer City,7.42
1682,A Study in Emerald (Second Edition),6.89
1683,The Lord of the Ice Garden,7.63
1684,Uprising: Curse of the Last Emperor,8.43
1685,Masters of Renaissance: Lorenzo il Magnifico – The Card Game,7.19
1686,Imaginarium,7.15
1687,Oltréé,7.53
1688,Dungeon Mayhem,6.93
1689,Unconditional Surrender! World War 2 in Europe,8.11
1690,Virus!,6.73
1691,"Artifacts, Inc.",6.75
1692,Puzzle Strike: Third Edition,7.18
1693,World in Flames,7.63
1694,Axis & Allies,6.57
1695,Key Flow,7.35
1696,Unlock!: Mystery Adventures – The House on the Hill,6.99
1697,Abandon All Artichokes,6.64
1698,Tabannusi: Builders of Ur,7.40
1699,Mangrovia,7.17
1700,Starship Captains,7.24
1701,Dale of Merchants Collection,7.84
1702,Anomia,6.69
1703,ICECOOL2,7.18
1704,51st State,6.81
1705,Jungle Speed,6.48
1706,Successors (Third Edition),7.54
1707,Dragonfire,7.11
1708,New York Slice,6.71
1709,Capital Lux,7.01
1710,"Air, Land, and Sea: Critters at War",7.54
1711,Normandy '44,7.90
1712,Carcassonne: Amazonas,7.05
1713,Juicy Fruits,7.08
1714,The Ancient World,6.99
1715,Rummikub,6.45
1716,Love Letter: Adventure Time,7.25
1717,Legendary Encounters: A Firefly Deck Building Game,7.10
1718,Sluff Off!,6.88
1719,Flip Ships,7.01
1720,Cantaloop: Book 1 – Breaking into Prison,7.51
1721,Metro X,7.14
1722,Paranormal Detectives,7.02
1723,A House Divided: War Between the States 1861-65,7.08
1724,Mordheim: City of the Damned,7.33
1725,Battle Cry: 150th Civil War Anniversary Edition,7.64
1726,Gulo Gulo,6.83
1727,The New Era,7.49
1728,Samurai Spirit,6.61
1729,Dog Park,7.21
1730,Get on Board: New York & London,7.00
1731,Hare & Tortoise,6.63
1732,The Adventurers: The Temple of Chac,6.61
1733,Guards of Atlantis II,8.54
1734,Wits & Wagers Party,6.91
1735,Favor of the Pharaoh,6.79
1736,Ascension: Rise of Vigil,7.17
1737,Battle Sheep,6.61
1738,Noctiluca,7.12
1739,Sagani,7.14
1740,Egizia: Shifting Sands,7.52
1741,Treasure Hunter,6.76
1742,1860: Railways on the Isle of Wight,7.90
1743,Leonardo da Vinci,6.73
1744,Sentinels of the Multiverse: Definitive Edition,8.40
1745,The Isle of Cats: Explore & Draw,7.50
1746,City of Iron,7.17
1747,Catan: Starfarers,7.60
1748,Ubongo 3D,7.08
1749,The Bridges of Shangri-La,6.85
1750,The Red Dragon Inn,6.56
1751,Wooden Ships & Iron Men,7.07
1752,Cóatl,6.97
1753,Monumental,7.58
1754,"Colonial Twilight: The French-Algerian War, 1954-62",7.71
1755,The Great Heartland Hauling Co.,6.85
1756,The Expanse Board Game,7.18
1757,New Bedford,7.06
1758,Helvetia,6.98
1759,Clans,6.57
1760,Salem 1692,7.09
1761,Glow,7.03
1762,Sanssouci,7.13
1763,Empires in Arms,7.61
1764,The King Is Dead,7.12
1765,Babel,6.65
1766,Exit: The Game – The Haunted Roller Coaster,7.17
1767,König von Siam,6.90
1768,Trambahn,6.95
1769,Factory Funner,7.20
1770,Transatlantic,7.04
1771,Niagara,6.46
1772,Space Cadets: Dice Duel,6.75
1773,Smash Up: The Obligatory Cthulhu Set,6.73
1774,Strat-O-Matic Baseball,7.82
1775,Evo (Second Edition),6.93
1776,Petrichor,6.93
1777,La Boca,6.97
1778,Fjords,6.75
1779,Carrom,7.08
1780,Felicity: The Cat in the Sack,6.57
1781,Reykholt,6.71
1782,The Russian Campaign,7.34
1783,Duplik,6.97
1784,L.L.A.M.A.,6.48
1785,Timeline: Music & Cinema,6.72
1786,Altar Quest,7.71
1787,burncycle,8.02
1788,Star Trek: Attack Wing,7.50
1789,Love Letter: The Hobbit – The Battle of the Five Armies,7.12
1790,Machi Koro Legacy,6.92
1791,Nautilion,7.22
1792,Exodus: Proxima Centauri,7.16
1793,Iberian Gauge,7.34
1794,Time's Up! Edición Azul,7.36
1795,Talisman: Revised 4th Edition,6.51
1796,Xiangqi,7.12
1797,Big City,6.86
1798,Nefertiti,6.99
1799,Smash Up: Cease and Desist,7.41
1800,Steam Time,7.09
1801,Vast: The Mysterious Manor,7.48
1802,Terramara,7.31
1803,Odin's Ravens,6.66
1804,Unmatched: Jurassic Park – Dr. Sattler vs. T. Rex,8.06
1805,Québec,7.14
1806,Terracotta Army,7.55
1807,My First Carcassonne,6.66
1808,Unlock!: Mystery Adventures – The Tonipal's Treasure,6.98
1809,A Castle for All Seasons,6.73
1810,Tsuro of the Seas,6.52
1811,Antike Duellum,7.07
1812,Spirits of the Forest,6.82
1813,Project: ELITE,7.58
1814,Krosmaster: Arena,6.72
1815,Forge War,7.18
1816,Historia,6.87
1817,Burg Appenzell,6.86
1818,Space Station Phoenix,7.40
1819,Steampunk Rally Fusion,7.45
1820,Cosmic Frog,7.37
1821,Marvel: Crisis Protocol,8.32
1822,Expedition: Northwest Passage,6.97
1823,Tiny Epic Western,6.64
1824,A Victory Lost: Crisis in Ukraine 1942-1943,7.66
1825,A Game of Thrones: Hand of the King,6.62
1826,Cold War: CIA vs KGB,6.63
1827,Holland '44: Operation Market-Garden,8.30
1828,Nyet!,6.77
1829,Steel Driver,6.97
1830,5-Minute Marvel,6.79
1831,Diamonds Club,7.05
1832,DC Comics Dice Masters: Justice League,7.29
1833,LYNGK,7.59
1834,Cytosis: A Cell Biology Board Game,7.02
1835,Warfighter: The WWII Tactical Combat Card Game,7.88
1836,Field Commander: Napoleon,7.71
1837,Stellar,7.40
1838,Labyrinth,6.40
1839,Dominations: Road to Civilization,7.46
1840,Corinth,6.74
1841,Fertility,7.16
1842,Holmes: Sherlock & Mycroft,6.79
1843,Ra: The Dice Game,6.78
1844,Wildlife Safari,6.69
1845,Edo,7.06
1846,A Song of Ice & Fire: Tabletop Miniatures Game – Stark vs Lannister Starter Set,8.10
1847,"Napoléon: The Waterloo Campaign, 1815",7.35
1848,Pandemic: Hot Zone – North America,7.04
1849,The Rise of Queensdale,7.45
1850,Breakout: Normandy,7.69
1851,Legend of the Five Rings,7.16
1852,Tenpenny Parks,7.54
1853,Royal Palace,6.87
1854,John Company,7.39
1855,Dungeons & Dragons Dice Masters: Battle for Faerûn,7.21
1856,SPQR (Deluxe Edition),8.02
1857,Summer Camp,7.17
1858,Memoarrr!,6.89
1859,Pax Transhumanity,7.53
1860,Founding Fathers,6.95
1861,CoraQuest,8.03
1862,Sol: Last Days of a Star,7.51
1863,HEXplore It: The Valley of the Dead King,7.76
1864,Mountain Goats,6.98
1865,The Red Dragon Inn 3,7.20
1866,Ganymede,7.17
1867,Mare Nostrum,6.73
1868,Last Aurora,7.34
1869,Warhammer: Diskwars,7.07
1870,Eurorails,7.10
1871,Tournament at Camelot,7.14
1872,Core Space,8.67
1873,Wits & Wagers Family,6.92
1874,Carcassonne: Gold Rush,7.15
1875,Infinity N3: Core Book,8.06
1876,Mamma Mia!,6.47
1877,Abalone,6.47
1878,Meeple Land,7.26
1879,Dragomino,7.07
1880,Hoity Toity,6.51
1881,Seeland,6.91
1882,Trans Europa,6.65
1883,Ground Floor,7.00
1884,Euchre,6.82
1885,Citrus,7.10
1886,Chakra,6.90
1887,B-17: Queen of the Skies,7.11
1888,Tribes of the Wind,7.49
1889,Human Punishment: Social Deduction 2.0,7.48
1890,Heroscape Marvel: The Conflict Begins,7.03
1891,Coal Baron: The Great Card Game,7.09
1892,Pax Pamir,7.42
1893,The Boss,6.79
1894,La Granja: No Siesta,6.79
1895,Age of War,6.45
1896,Décorum,7.46
1897,Tiny Epic Pirates,7.05
1898,Frank's Zoo,6.61
1899,Wasabi!,6.53
1900,Arena: Roma II,6.88
1901,Bootleggers,6.68
1902,Theseus: The Dark Orbit,7.02
1903,Pyramid of Pengqueen,6.89
1904,Europe Engulfed: WWII European Theatre Block Game,7.46
1905,Dice Throne: Season Two – Cursed Pirate v. Artificer,7.89
1906,Monolith Arena,7.40
1907,"Dungeons, Dice & Danger",7.08
1908,Exit: The Game – Advent Calendar: The Mystery of the Ice Cave,7.99
1909,Dr. Eureka,6.58
1910,Neta-Tanka: Deluxe Edition,7.19
1911,Unlock!: Game Adventures,8.01
1912,Qin,6.79
1913,Cabo,7.09
1914,Samurai Sword,6.66
1915,Paris Connection,6.66
1916,ALIEN: Fate of the Nostromo,7.11
1917,Ascension: Realms Unraveled,7.52
1918,Empyreal: Spells & Steam,7.53
1919,Mysthea,7.64
1920,Dutch Blitz,6.72
1921,Dealt!,7.07
1922,Planted: A Game of Nature & Nurture,7.33
1923,Ticket to Ride: First Journey (U.S.),6.90
1924,Snake Oil,6.68
1925,Rolling Heights,7.68
1926,Spring Meadow,7.06
1927,Race! Formula 90,7.95
1928,Tinners' Trail,7.17
1929,The U.S. Civil War,8.31
1930,Rise to Nobility,6.98
1931,Relic,6.76
1932,ROVE: Results-Oriented Versatile Explorer,7.61
1933,5-Minute Mystery,7.09
1934,Cthulhu Realms,6.69
1935,Seikatsu,7.00
1936,Warhammer Underworlds: Nightvault,7.75
1937,Archaeology: The Card Game,6.66
1938,Bites,7.13
1939,Thunderstone Advance: Numenera,7.27
1940,Hands in the Sea,7.84
1941,Skyjo,6.75
1942,Nevsky: Teutons and Rus in Collision 1240-1242,8.13
1943,Show Manager,6.99
1944,Unmatched: Redemption Row,8.27
1945,Serenissima,6.86
1946,Cutthroat Caverns,6.52
1947,Kolejka,6.66
1948,Boss Monster 2: The Next Level,6.71
1949,Hamsterrolle,6.81
1950,D-Day Dice (Second Edition),7.44
1951,Axis & Allies: 1942,6.92
1952,Bios: Genesis,7.11
1953,Harbour,6.49
1954,Trek 12: Himalaya,6.86
1955,Chronicles of Drunagor: Age of Darkness,8.46
1956,Savannah Park,7.10
1957,Riff Raff,6.92
1958,Beyond Baker Street,6.82
1959,Polis,8.21
1960,Belratti,7.13
1961,Europa Universalis: The Price of Power,8.84
1962,The Hanging Gardens,6.79
1963,Ribbit,6.78
1964,Um Reifenbreite,6.79
1965,Risk: Europe,7.41
1966,The Isofarian Guard,8.95
1967,Sorcerer,7.60
1968,Horus Heresy,7.04
1969,Castellion,6.90
1970,Explorers,7.21
1971,2 de Mayo,6.89
1972,Switch & Signal,7.17
1973,Bananagrams,6.38
1974,HeroQuest Advanced Quest,7.31
1975,You're Bluffing!,6.57
1976,Guilds of London,6.80
1977,Compounded,6.71
1978,Conquest of the Empire,6.73
1979,Pit,6.38
1980,Catan Histories: Settlers of America – Trails to Rails,6.79
1981,Gaslands: Post-Apocalyptic Vehicular Combat,8.07
1982,Betrayal at House on the Hill: 3rd Edition,7.43
1983,Spades,6.78
1984,Pathfinder Adventure Card Game: Wrath of the Righteous – Base Set,7.46
1985,Marvel Dice Masters: Age of Ultron,7.19
1986,Taco Cat Goat Cheese Pizza,6.66
1987,The Dresden Files Cooperative Card Game,7.01
1988,Eleven: Football Manager Board Game,7.43
1989,Stop Thief!,6.98
1990,Hornet Leader: Carrier Air Operations,7.88
1991,Impulse,6.81
1992,Bob Ross: Art of Chill Game,6.76
1993,Palastgeflüster,6.79
1994,Rommel in the Desert,7.53
1995,Village Green,6.98
1996,Lotus,6.69
1997,Mafia de Cuba,6.53
1998,City of Horror,6.69
1999,Timebomb,7.15
2000,KeyForge: Worlds Collide,7.47
